31406,Particulate nature
23216,Characteristics of spherical lenses
31410,Latent heat
31412,Condensation
31416,Chemical changes
31418,Pure substances
31426,colloids
31428,protons
31430,neutrons
8358,India- Agriculture
6856,Literacy Rates
24770,Drainage system
31436,Isotopes
24779,Inadequate diet
24785,Chloroplast
24789,Rough Endoplasmic Reticulum
24792,Smooth Endoplasmic Reticulum
23248,Sea Breeze
8428,The Inter-war Economy
23250,Valley Breeze
8430,Rebuilding a World Economy: The Post-war Era
8442,Population of India
8464,The Age of Industrialisation
8466,Before the Industrial Revolution
8470,Hand Labour and Steam Power
8472,Cropping Pattern
8474,Industrialisation in the Colonies
8476,Factories Come Up
23258,Dew
8478,The Peculiarities of Industrial Growth
8480,Market for Goods
8484,Kharif Crops
8486,Natural  Resources  
8488,Major Crops
23260,Clouds
8490,Rice
8492,Wheat
8494,Millets
8496,Maize
8498,Pulses
8500,Mass Movements
8502, Print Comes to Europe
8504,The Print Revolution and Its Impact
8506,The Reading Mania
8508,The Nineteenth Century
8510,India and the World of Print
8512,Religious Reform and Public Debates
23264,Savannah
8514,New Forms of Publication
8516,Print and Censorship
24901,Calorie intake
8520,Angle Sum Property  of a Quadrilateral
8522,Non-Food Crops
8524,Rubber
31458,Metalloids
8526,Fibre Crops
8528,Cotton
8530,Jute
8534,Mixture
8536,Contribution of agriculture to the national economy, employment and output
8538,Properties of a Parallelogram
24923,Disguised unemployment
8540,Solution
24925,Seasonal unemployment 
8542,The Mid point Theorem
24927,Underemployment
8544,Substance
8546,Alloy
24931,Non-economic activities
8548,Properties of a solution
6886,Birth of the Weimar republc 
8550,Concentration of a solution
24935,Accessibility
8552,Suspension
24937,Minimum Support Price
8554,Triangle
24939,Agricultural marketing reforms
8556,Properties of a suspension
24941,Starvation
24943,Buffer stock
8560,Properties of Colloids
24945,Issue price
24949,Employment 
24955,Distance from the sea
24957,Ocean currents
24959,Direction of winds
24961,Human Settlement
24963,Human Activity
24967,Western Disturbances
24969, Forest And  Wildlife Resources in  India     
24977,Plains
24979,Volcanic Mountain
31470,Functional groups
24983,Himachal Himalayas
24985,Literacy  Rates in India
24987,Dissected Plateau
24991,Vindhyan Plateau
24993,Telegana Plateau
24995,Natural Vegetaion
24999,Secondary Activity
25001,Primary Activity
25003,Quartinary Activity
25005,Types of Rural Sellement
25007,Cross-shaped type
25009,T-shaped type
25011,Circular type
25013,Rectangular type
25015,Linear type
23284,Malabar Coast
25021,Adminstrative town
25023,Population Size  and  Distribution of India 
25025,Defensive towns
25029,Collection centres towns
25031,Production centres towns
25033,Resorts towns
25035,Residential towns
23294,Greater Himalayas
25078,Physical nature of matter
25080,Characteristics of particles
25082,Different states of matter
25084,Effect of change in pressure
25086,Effect of change in temperature
25088,Types of colloids 
25090,Separating funnel
8708,Non-metal
25098,Symbolic representation of compounds
25100,Sub atomic particles of an atom
6914,Dignity And Freedom Of The Citizens
25104,Combining capacity of elements and compounds
25106,Distribution of electrons
25108,Atomic and mass numbers
8726,Latent heat of fusion
8728,Saturated and unsaturated solution 
23300,Punjab Himalaya
8732,Law of Conservation of Mass
22386,Fish production 
8734,Law of definite proportions
8736,Atom
8738,The Nationalist Movement in Indo-China
8742,Emerging from the Shadow of China
8746,Distance Formula
8748,Isotope
8750,Proton
8752,neutron
8754,Electron
8756,Molecular mass
8758,Molecule
8760,Avogardo constant
8764,Molar mass
8766,ion
8768,Relative atomic mass
8770,The Dilemma of Colonial Education
8772,Hygiene, Disease and Everyday Resistance
8774,Tangent to a Circle
8776,Chemical Formula 
23308,Khadar
8778,Religion and Anti-colonialism
8780,Alternation of Generation
8782,Angiosperm Life cycle
8784,Angiosperm Life cycle
25170,Human race
25172,Natural  Vegetation
25174,Natural  Vegetation of  India
8792,Accessory digestive gland
8794,Atherosclerosis
25180,Section Formula
8798,Action potential
8800,Bioluminescence
8802,Binomial nomenclature
8804,Blood
8806,Cardiac muscle
25192,Area of a Triangle
8810,Chyme
8812,Cork cambium
8814,Cell Theory 
25202,Factors affecting evaporation
25204,Efect of pressure
25206,Effect of temperature
25208,States of matter
25210,Thermometer
8828,Control of respiration
8830,Central chemoreceptors
25216,Consequences of evaporation
25218,Covalent compounds
25220,Ionic compounds
8838,Diaphragm
8840,Double circulatory system
8842,Eukaryotes
8844,Epigenetic Control of cellular differentiation
25230,Extraction of metals
25232,Purification of metals
8852,Female sex organ in plants
8854,Number of Tangents
8856,Floral Diagram
25242,Reactivity of metals and non metals
25244,Nature of carbon
25246,Types of reactions
25248,Rancidity
8866,Heartwood
25252,Utility of salts
25254,Atomic and molecular mass
8872,Hearing
8874,Inflorescence
8876,Imbibition
25262,Valency
8880,Joint
8882,Karyogamy
8884,Lichen
8886,Lichens as Bioindicators
8888,Liverwrot
25274,Mendeleev's classification
8894,Lung volume
8896,Lymph
23328,Levee
8898,Mass flow
8900,Male gamete development
8902,Metabolite
8904,Macromolecule
8906,Microbody
8908,Mosses
8910,Area of Sector
8919,Mechanical ventilation
8921,Mechanoreceptors 
8923,Muscle contraction
8925,Myasthenia gravis
8927,Neuron
8929,Nerve impulses
8931,Oxidative phosphorylation
8933,Ossicles
8935,Osteoarthritis
8937,The Pressure Flow Hypothesis
8941,Origin of plastids
8943,Plasmogamy
8945,Plant hormones and growth regulators
8947,Protochordata
8949,Parthenocarpy
8951,Photoperiodism
8953,Photosynthetic 
8955,Cylinder
8957,Photosynthetic pigments
8959,Peripheral chemoreceptors
8961,Platelet
8963,Sphere 
8965,Pineal gland
8967,Red Blood Cell
9004,Red data book
9006,Sphere 
9008,Surafce Area of Cuboid 
9010,Surface Area and volume of Cone
9019,Reductive amination
9021,Respiratory Quotient
9023,Ribosome
9025,Resting potential
9027,Sapwood
9029,Secondary active transport
9031,Antiport
9033,Stages of Prophase
9035,Symmetry
9037,Secondary Growth of roots
9039,Seahorse
9041,Symbiotic Nitrogen Fixation
9043,Skeletal striated muscle
9045,Smooth muscle tissue
9047,sliding filament theory
9049,Transamination
9051,Taxonomic Keys
9053,Tetany
9055,Thymus
9057,Viruses
9059,Viroids
9061,Vernalization
9063,Vision
9065,Water potential
25518,True solutions
25551,Chromatography
22008,Global warming
22012,Synthetic chemicals
22014,Lithosphere
22020,Biological activities
22022,Natural ecosystem
22024,Artificial ecosystem
22026,Forest ecosystem
22028,Pond ecosystem
22030,Lake ecosystem
25688,Effect of pressure
22032,Garden ecosystem
25698,Combining power of elements and compounds
25720,test2
22036,Aquarium ecosystem
25728,Physical changes of matter
25730,Chemical changes of matter
22040,Abiotic components
25780,Covalent bonding
9417,Work, Life and Leisure , Cities in the Contemporary World
9419,Characteristics of the City
9421,Social Change in the City
9423,Politics in the City
9425,The City in Colonial India
9427,Cities and the Challenge of the Environment
25821,Wild Life  of   India
25823,Economic  Importance  of  River  in  India
25825,Lakes  of India
25827,Theory of  Plate Tectonics
25829,Natural Resources of  India 
25831,Land Resources of India
25833,Soil in  India
27520,Similarity of triangles
27524,Area of polygons
25936,Techniques for separating mixtures
25939,Writing chemical formulae
25941,Defining of elements
25945,Types of chemical reactions
25947,Balancing chemical equations
25949,Strength and importance of pH
25951,Commercial uses of salts
25953,Reactions of acids and bases
25955,Reactivity of metala and non metals
25957,Covalent bonding in carbon compounds
25959,Chemical properties of carbon compounds
25963,Attempts  to classify elements
23484,Organ system
26248,Solving a pair of linear equation 
26250,Graphical method
26252,Intersecting lines
26254,Parallel lines
26256,Coincident lines
26258,Algebraic methods
26260,Elimination method
26262,Substitution method
26264,Cross multiplication method
26266,Intersting problems 
26268,Equation reducible to pair of linear equations in 2 variables
26270,Applications of pair of linear equation in 2 variables
26294,Consistent equations
9911,Print Culture and the Modern World
26296,Inconsistent equations
9913,The First Printed Books
26347,Shapes seen in Nature 
26349,Idealized #D objects
26351,Lines on plane surface
26353,Straight lines
26355,Curved lines
26357,Zigzag lines
23246,LandBreeze
26382,Open figures
9999,Print Comes to Europe 
26384,Closed figures
26388,Parallel lines with intercepts
26390,Angles
31432,electrons
26449,Paralle lines with transversal
26453,Polygons of higher order
26456,Complete angles
26459,Obtuse angles 
26461,Reflex angles 
26463,Right angles
26465,Acute angles
26467,Zero angles
22706,Pollen grain
26553,Polynomials
26555,Basic terms of polynomials
19445,Natural Resources of India
26561,Divisibility of polynomials
26567,Factor theorem
26569,Remainder theorem
26575,Zero of a polynomial
26577,Graphical representation of zeroes of a polynomial
26583,Factorization of a polynomial
26587,Factorization of a quadratic polynomial
26591,Splitting of middle term
26595,Algebraic identities
26599,Problems using algebraic identities
26620,Plebicite
26643,Coordinate Geometry Applications
26647,Plotting Coordinate
26649,Distance between two points
26651,Section Formula
26653,Collinearity of three points
26655,Area of Triangle
26664,Basic Geometrical Terms
26666,Vertically opposite angles 
26672,Introduction  to Euclids Geometry
19464,Colonialism
26678,Parallel Lines and Transversals
26686,Angle Sum Property of Triangle
26688,Technological development
26690,Labour migration
26692,Movements in India
26694,Social impact
26696,Economic impact
26698,Commercial forestry
26700,Small scale industry
26702,Reformation
26704,Cricket culture
26706,Movements in Indo-china
26710,Unification of Germany
26712,Unification of Italy
22712,Fertilization 
26735,Problems on Real Numbers
26737,Decimal Expansion
26739,Terminating Decimal Expansion
26741,Non Terminating Repeating
26743,Fundamental Theorem of Arithmetic 
26745,Successive Magnification
26747,Square root spiral
26749,Irrational Numbers
26751,HCF & LCM
26761,Solving a Quadratic Equation
26763,Completing the Square
26765,Factorisation of Quadratic Polynomial
26767,Basic Terms of A.P
26769,Applications of A.P
26775,Reactivity of carbon compounds
26777,Properties of Triangles 
31770,Displacement
26783,SSS Similarity
26785,SAS Similarity
26787,AAA Similarity
26789,Area of Similar Triangles
26791,Applications of Pythagoras Theorem
26793,Basic Terms of Triangles
26803,RHS Congruency
26805,Inequalities of Triangles
26807,Perimeter of Circles
26809,Length of Arc
26811,Angle Subtended by a Chord at a point
26813,Perpendicular from the center to a Chord
26815,Perpendicular from the center to a Chord
26817,Equal Chords & their Distance from the Center 
26819,Angle Subtended by an Arc of a Circle
26821,Cyclic Quadrilateras
26825,Tangents from a given point
26827,Circles through three points
26829,Circles Components
26831,Area
26833,Area of Combination of Plane figures
26837,Construction of Triangles
26839,Construction of Tangents
26843,Perpendicular Bisector
26845,Construction of Some Standard Angles 
26847,Division of a Line Segment in a given ratio
26851,Trapezoid
26859,Area of Parallelogram
26865,Mid point Theorem
26869,Areas of Parallelogram & Triangle
26872,Applcations of Heron's Formula
26874,Triangles & Parallelograms on The Same Base and Between The Same Parallels
26876,Problem based on Triangles and Parallelograms on the same base & between the same parallels
26878,Triangles on the same base & between the same parallels
26880,Problem based on triangles on the same base & between the same parallels 
26882,Parallelograms on the same base & between the same parallels
26886,Problem based on Parallelograms on the same base & between the same parallels
26888,Figures on the same base and between same parallel lines
26902,Surface Area of Solids
26904,Surface Area and Volume
26906,Surface Area of Sphere  
26910,Surface Area of Cylinder
26914,Surface Area of Cube
26916,Surface Area of  Cuboid
26918,Surface Area of Cone
26920,Surface Area of Combination of Solids
26924,Volume of Solids
26927,Volume of Cuboid
26930,Volume of Cube
26932,Volume of Cylinder
26934,Volume of Sphere
26941,Volume of Combination of Solids
26946,Volume of Frustum
26948,Recasting the shape
26950,Construction of grouped frequency distribution table
26952,Measure of central tendency
26954,Mean 
26956,Median
26958,Mode
26960,Cumulative frequency distribution 
26962,Graphical representation of data
26964,Bar graph
26966,Bar Graph 
26968,Histograms
26970,Frequency polygons
26973,Terms related to probability
26975,Experimental & Theoretical probability
26977,Various experiment in probability
26979,Problem on tossing of coins
26981,Problem on rolling of dice
26983,Problem on pack of cards
26985,Miscellaneous Problems in Probability
26987,Trigonometry
26989,Basic terns related to trigonometry
26991,Trigonometric ratios
26993,Trigonometric ratios of some specific angles
26995,Trigonometric identities
26997,T- ratios of complementary angles 
26999,Application of trigonometry
22724,Tissue culture
19536,Lack of sanitation 
18959,Per capita income
18961,Low income country
18972,Urdu ( I-VIII)
18991,Chemistry XI-XII
18993,
18995,Biology(XI-XII)
18997,Mathematics (XI-XII)
22728,Reproductive health
19009,Psychology (XI-XII)
19013,Accountancy (XI-XII)
19015,English IX-XII
19017,Hindi IX-XII
19019,Sanskrit IX-XII
23276,Islands
19082,Pythagoras Theorem & its converse
19098,Women's Bill
19100,Division of Labour
19102,Patriarchy 
19104,Feminism
22732,STDs
19137,Chemical reaction 
19140,Chemical equation
19144,Entrepreneur
31462,Homologous series
19154,Amendment
19156,Fixed capital 
19166,working caplital
19170,yield
19176,Coalition
19178,Symbols
19182,Merits of green revolution
22734,Unwanted pregnancies
19186,demerits of green revolution
19196,Physical state
27389,Electric Charge
19198,Reactants
19200,Products
27394,Pressure and thrust
19206,Decomposition reaction
19210,rate
19212,Embryonic simmiliarities
19214,Catalyst
19216,Evidences of Evolution
19220,New substances
19224,Law of Indepedent assortment
19226,Allies
19228,Combination reaction
19230,Aristocracy-nobles-nobility
19232,Autocracy
19234,Blizzard
19238,Inequalities of income and wealth
19242,farm activities undertaken as occupation
22736,Unsafe abortions
19246,Non-farm activities undertaken as occupation
27439,Classification of elements
19250,Secondary activities 
19254,Oxidation and reduction reaction 
27447,vegetable
19256,Tertiary activities 
27449,potato
19258,Corrosion
27451,tomato
19260,Rusting of Iron
19262,Chrome painting
19266,Economic activities 
19268,Anodising 
19270,Painting
31466,IUPAC system of nomenclature
19274,Non-economic activities 
19276,Greasing
19278,Homogenous mixture
19280,Market 
19284,Non market
19286,Co-operation
14554,Rich countries
19290,Galvanising
19292,Virtuous cycle
19294,Vicious cycle
19296,Population
19298,Gender disparity 
19302,Government's role in promoting education
19304,Education system in India
19306,Education system in India
19308,Types of unemployment
19310,solutions of unemployment 
19312,Northern Hemisphere
19314,poverty
19316,Tropics
19318,Poverty line
19320,Tropic of Cancer
19322,Vulnerability 
27515,Pair of linear equation in two variables
19324,Social exclusion
27517,Linear equation in two variables
19326,Mountain Building
19328,Plate Tectonics
19329,Solutions to the problem of poverty
27522,Area of plane figures
19332,Government schemes for solving the problem of poverty
31468,Micelle formation
19334,Formation of Himalayas
27527,Area of solid objects
19336,Contiental Drift
27529,Area of polygons
19338,Non-Government schemes for solving the problem of poverty
19340,Himalayas - Himadri, Himachal and Shivalik
27534,Area of solid objects
19344,Division of Northern Plains
19348,Peninsular Plateau
19350,Rivers of India
27543,Congruency of triangles
19352,Coastline
27545,Pythagoras Theorem
19354,Standard Meridian
27547,Area of circular figures
27549,Herons formula
27551,Area of circular figures
19360,Water Divide
27553,Surface area of solids objects
19362,Affordability of food
27555,Total surface area of solids objects
19364,Peninsular Rivers - Narmada, Tapi, Mahanadi, Godavari, Cauveri
19370,Hunger
19372,Dimensions of hunger
19374,Solutions to hunger
19376,Food security in Indian context
23286,Coromandel Coast
19380,Co-operatives
19382,Concepts of Weather and Climate
19384,Monsoon Type of Climate
19386,Underdevelopment
19388,Upper Air Circulation - Jet Stream
19390,Stagnation
19392,Industries
19394,ENSO
19396,Burst of Monsoon
19398,Season
19400,Quality of life	
19402,Environment
19404,Effects of Weathering
19406,Illiteracy							 
19408,Social indicators of poverty
19410,Annual Growth Rate
19412,Attendance Ratio
19414,Population Composition
19416,Bureaucracy
19418,Occupational Categories
19420,Human Development Index 
19422,Migration
19424,Streams of Migration
19426,Streams of Migration
19428,Per capita income
19430,Cash Crop
19432,Causes of Migration
19434,Consequences of Migration
19436,Domestic product	
19439,Resource
19441,Infant mortality rate
8702,Element
19449,Class
19451,Infant mortality rate
19453,Classification of National Resources
19455,Coalition
8704,Metal
19458,Code
19460,Types of Natural Resources
19462,Collectivization
27656,Relative Motion
19468,Commercial Crop
19470,Development of Natural Resources
19472,Natural resources
19474,Communism
19476,Natural Resource Planning 
19478,Community
19480,Confucianism
19482,Sectors of the Indian Economy 
22744,Pubertal changes
19486,Conservation of Natural Resources
19488,Cultural diversity
19490,Employment
19492,Land Utilisation
19494,Land Use Changes
19496,Land Use Pattern in India
19498,Land Degradation and Conservation Measures
19500,Classification of Soils
5981,Food Security In India
19505,Decentralisation
19507,Soil Profile
19509,Vanishing Forests
27704,Balanced and Unbalanced Force
19513,Forest Policies
27706,Laws of  motion
19515,Conscription
27708,Pressure 
27710,SONAR
27712,Light 
19521,National Sample Survey Organisation (NSSO)
27714,Image formation by spherical mirror
19523,Continuity
27716,Mirror formula
19525,Cooperative
27718,Laws of Refraction of light
19527,Countryside
27720,Atmospheric refraction
19529,Coup
27724,Refraction through a prism
19533,Culture
19535,Project Tiger
27728,Image formation by spherical lenses
27730,Eye as convex lens
19539,Decolonisation
19541,Types and Distribution of Wildlife
27734,Light
19543,Deportation
22746,Functional male reproductive system
19545,Community and Conservation
19547,Despotism
19551,Diplomacy
19555,Dominion
19557,The New Republic Of Vietnam
19559,Ecology
19560,Lack of potable water
19565,Water Scarcity, Need for  Conservation and Management
19567,Economic History
19569,Elite
19571,Emancipation
19573,Multi Purpose River Projects
19575,Emperor
19577,Empire
22280,Cholera
19581,National rural Employment Guarantee Act 2005
19587,Agriculture
19589,Estate
19591,Ethnicity 
19593,Cropping Pattern of India
19597,Exile
19599,Farmer
19603,Planning Commission
19605,Feminism 
19607,Feudalism
19609,Folk Culture
19610,International Trade
19615,Right to work
19617,Major Sea Ports
19621,Genocide
19623,Ghettoisation
19625,Waterways Transport
19629,Hegemony
19631,Hierarchy
19633,Railways Transport
19635,Holocaust
19637,Iconography
19639,Roadways Transport
19645,Control of Environmental Degradation
19647,Indentured Labour
22390,Fluid
19654,Industrial Pollution and Environmental Degradation
19657,Inquisition
19665,Metropolis
19669,Ownership Based Industry
19670,Minority
19673,Modernization/Modernity/Modern
19675,Capital Investment Based Industry
19679,Monopoly
19683,Nation/Nationalism/Nationalist
19685,Agro Based Industries
19687,National Identity
19689,Workers
19690,Industrial Location
19693,Factories Act
19695,Importance of Manufacturing
19697,Conservation of Energy Resources
19699,Geothermal Energy
19701,Minimum wages Act
19703,Gratuity
19705,Biogas
19707,Solar Energy
19709,Nuclear or Atomic Energy
19713,Grameen Bank
19715,Energy Resources
19717,Conservation of Minerals
19719,Classification of MInerals
19721,Contribution of Agriculture to the National Economy
19723,money 
19725,Dignity
19727,Direct Democracy
19731,Nazism
19733,Nomadism
19739,Obscurantism
19741,Orientalism
19743,Orthodox
19745,Pastoralism
19747,Patriotism
19749,Peasant
19753,Political History
19755,Popular revolt
19757,Credit
19759,Double coincidence of wants
22554,Pest control methods
19765,Post-Colonialism
19767,Reserve Bank of India
19769,Proletarianisation
19771,Proto-industrialisation
19773,Race/Racism/Racialism
19775,Racialism/Racism
19777,Radicalism
19779,Deposits
19781,Rebellion
19783,Republic
19787,Romanticism
19791,Scientific Forestry
19793,Cheque Payments
19795,Depositors
19797,Collateral
19799,Terms of Credit
19801,Interest Rate
19803,Unification Of Britain
19805,Slavery
19807,Social History
19809,Socialism
19811,Society
19813,Subcontinent
19815,Subsistent crisis
19817,Suffrage
19819,Sumptuary Laws
19823,Swaraj
19825,Syncretism
19827,Territory
19829,Totalitarianism
19831,Traditionalism
19833,Treatise
19835,Loans
19837,Tribe/Tribal life
19839,Lending
19841,Vietnamese Nationalism
19843,Untouchability
19845,Uprising
19847,Self help groups
19851,Vernacular
19853,Multinational Corporations
19855,Foreign Trade
19857,Technology 
19859,Liberalisation
19861,Investment
19863,Investment
19865,World Trade Organisation                               
19867,ICT
19869,Trade barrier
19871,Consumer rights
19873,Consumer protection council
19875,Consumer organisation
19878,Consumer court
19880,COPRA (Consumer Protection Act 1986)
19882,Exploitation
19884,Regulation
19886,Social force
19890,States of Matter
19892,Solids
19894,Liquid 
19896,Gases
19900,Density
19902,Hoarding
19904,Adultration of food
19906,MRP
19908,Advertisation
19910,Discrimination
19916,Diversity
19918,Own account marketable production
19939,Village
8786,Amphibolic pathway
8788,Length of Tangent
22442,Green house effect 
8790,Aerobic respiration
22446,Green manure compost
19992,Characteristics of Matter 
19994,Effects Of Temperature 
19996,Heat Absorption
20000,Sublimation
22448,Intervarietal hybridisation
20002,Boiling
20004,Vapourisation
20006,Fusion
20008,Cooling
8796,Auditory ossicles
20010,Bulk Phenomenon
20012,Surface Phenomenon
22450,Interspecific hybridisation
20014,Humidity
20016,Wind Speed
20018,Competition between species
20020,Founder effect
20024,Forces of Attraction
22452,Intergeneric hybridisation
20026,Kinetic Energy
20028,Potential Energy
20030,Compressibility
20032,Rigidity
20034,Fluidity
20036,Mixtures
20044,Filtration
20046,Centrifugation
20048,Sedimentation
20050,Distillation
20052,Fractional Distillation
20054,Chromotagraphy
20056,Crystallisation
20060,Population bottleneck effect
22458,Product quality
20064,Saturated Solution
20066,Unsaturated Solution
20068,Super Saturated Solution
20072,Dispersed Phase
20074,Dispersion Medium
20076,Aerosols
20078,Sol
20080,Foam
8808,Cardiac cycle
20082,Emulsion
20084,Gel
22462,Gymnosperms
20088,Co-evolution
20092,Ionic Compounds
20094,Chemical Composition
20096,Molecular Compounds
22464,HCl
20098,Extinction
20102,Physical Properties
20108,Avogadro Constant
22466,Mineral nutrients
20110,Kin selection
20112,Formula Unit Mass
22720,Seedling
20116,Atomic Mass Unit
20118,Valency
20120,Transmission
22468,Heart
20122,Transformation
20128,Human Ear
20130,Audible Range
20132,Infrasonic Range
22470,Hemophilia
20134,Industrial Use
20136,Medical Use
20138,Ultrasonic Range
20140,Frequency
8818,Cellular differentation
20142,Amplitude
20144,Mutualism
20146,India  Location
20150,Time Period
20152,India and the world
8820,Chemotroph
20154,Note
20156,longitudinal waves 
22474,Crop protection management
20158,India's Neighbours
20160,Tone
20162,Vibrating Objects
20164,Pitch
8822,Chemiosmosis
20166,Loudness
20168,Timbre
20170,SONAR
20172,Intensity
20174,Echocardiography
20176,Ultrasonography
8824,Chemiosmotic Theory
20178,C
20180,Ductility
22478,Heterotrophs
20182,Malleability
20184,Sonorous
20186,Lustre
20188,Conductance of Heat and Electricity
8826,Coagulation
22480,Higher animals
20216,UK
20218,Canada
20220,Canada
20222,US
20224,Ireland
8832,Dikaryon
20226,France
20228,Drafting Committees 
8834,Dedifferentiation
8836,Devernalization
20252,Concurrent List
22490,Hybrid
20254,State List
20256,Union List
20258,Constituent assembly
20260,Freedom
22492,Infancy
20270,Procedure of amendment
22494,Infectious diseases
20278,Fundamental Duties
20308,Special majority + consent of 50% states or more
8846,Emphysema
20310,Special majority 
8848,Electrocardiography
25236,Bonding in carbon
8858,Floral Formula
8860,Facilitated diffusion
8862,Fermentation
20406,Head of Government
20408,Head of State
20410,Hidden apartheid
20416,Hung legislature
8864,Glycolysis
20427,Graph Of Quadratic Equation
25250,Importance of pH
8868,Hydroponics
8870,Hypertension
20463,Protective Discrimination
22526,Left auricle
20479,Preventive detention
8878,Jaundice 
20505,Human trafficing 
20511,Bicameral
25264,Nomenclature
20514,Unicameral
20517,Permanent
20519,Election
20521,Political
20525,Fire Writs 
20527,Independent
20531,Unified
20533,Transparency
20535,Substantive equality
20537,Stereotype
20539,State government
20541,State (regional) party
20543,Sovereignty
20547,Social justice
25270,Need for classification of elements
20555,Law
20561,Levels of government
20563,Liberal constitution
8890,Loose connective tissue
20577,Parliamentary form of government
20585,Political freedom
20587,Political party
20591,Power-sharing
25278,Chemical formula
20603,Solution Of a Quadratic Equation
20605,Factorisation
20607,Quadratic Formula
22396,Gametes
20617,Poverty line
20625,Linear Equation
20627,Solution Of Linear Equation
20629,Right to Education
20631,Pair Of Linear Equation
20635,Right to food
20637,Poverty line 
20639,Solution Of Pair Of Linear Equation
20641,Behavior Of Pair Of Linear Equation
20643,Graphical Method
20649,Algebraic Method
20659,Common Difference
20661,General Form Of an A.P
20663,Finite A.P
20665,Infinite A.P
20671,Nth Term Of an A.P
20675,Sum Of N terms Of an A.P
20677,Sum Of First n Natural Numbers
20679,Similar Figures And Thales Theorem 
20681,Latent Heat
20683,Similar Figures
20685,Similar Polygon 
20687,Mole concept
20689,Reflection
20693,Thales Theorem & its Converse
20695,transverse waves 
20697,Boiling Point
20703,Melting Point
22566,Malfunctioning of body parts
22570,Malfunctioning of immune system
20741,Relationship Between Zeroes And Coefficient
20743,Social equality
20745,Social movement
20747,Sovereignty
20749,State (regional) party
20751,Substantive equality
20753,Transparency
20757,Proof By Concept Of Similarity
20759,Proof By Concept Of Area
20761,Political Democracy	
20763,Election
20777,Secret Ballot
20781,List System
20783,General Election
19342,Human poverty
20787,By-elections
20790,Biennial Elections
20793,Democratic Elections
20797,One person One vote-political equality
20799,Bi-Party System
20801,One-Party System
20826,Free and fare Elections
20828,Territorial Constituencies
22586,Manure
20831,Wavelength
20834,Effects Of Pressure 
20836,Surface Area
20838,Sovereignty of People
20842,Party Politics
20844,Welfare Oriented Politics
20846,Nominated representatives
20850,Single Member Constituencies
20852,Minute Particles
20854,Reserved Constituencies
20868,National Income
23336,Radial
20907,Communist countries
20919,coalition
22792,Monera
20927,State party 
20929,Unrecognised party
20931,Independents
23338,Dendritic
20942,A living Document
20946,selective adaptation 
20948,US fundamental rights
20950,UK parliamentary system
25337,Green revolution
20952,Canada quasi federal
20954,France liberty equality fraternity 
30800,Colonization in Indo-china
20969,stagnation
20971,Why is food security?
20975,Plasma
20977,Adaptive radiations
20979,Scale
20981,Celsius
20983,Fahrenheit
20985,Kelvin
20989,Bose-Einstein Condensate
20991,S.N.Bose
20993,Albert Einstein
20995,Physical Characteristics
21000,Decentralisation
21002,Homogeneous Solutions
21004,Heterogeneous Solutions
21011,Saturated
21013,Unsaturated
21017,Supersaturated
21019,Disadvantaged
21021,Domestic violence
21023,Equality of opportunity
21025,Equality of status
21027,Features of Indian Constitution
21033,Equity
21035,Exclusion
21041,Barter system
21045,testing to upload
21053,Constitutional Division Of Powers
21063,Local Government
21065,Central Government
21067,Rural
21069,Right to information
21071,Urban
21073,Panchayti Raj
21075,Nagar Nigam/Palika/Panchayat
21154,Directive Principles of state policy
21158,Quasi Federal state
21160,sovereign democratic republic
21162,socialist state
21164,secular state
21166,Independent Judiciary
21168,Unity and Integrity
21170,National Integration
21176,Notification
21178,Filing of Nomination papers
21180,scrutiny
21182,Withdrawl
21184,Campaigning
21186,polling
21188,Counting 
21190,Declaration of results
21194,Challenges
21196,Reforms
21214,Exchange of ions
21216,Vegetables
21218,Peas
21220,Law of segregation
21290,Physics
21292,Di
21294,Displacement
21296,Distance
21298,Universe
21300,Speed
21302,Galaxies
21304,Velocity
21306,Milyway
21308,Planets
21310,Meteors
21312,Asteroids
21314,Acceleration
21316,Uniform Acceleration
21318,Uniform Velocity
21320,Satellite
21322,Non-uniform Velocity
21324,Uniform Speed
21326,Non-uniform speed
21328,Uniform Motion
21330,Non-uniform Motion
21332,Earth
21334,Non-uniform acceleration
21336,Lithospher
21338,Hydrosphere
21340,Biosphere
21342,Atmosphere
21344,DNA replication
21346,Uniform Circular Motion
21348,Comets
21355,Rectilinear Motion
21357,Rectilinear Motion
21359,Equations of Motion
21361,Motion Graphs
21363,Balanced Forces
21365,Unbalanced Forces
21367,Human Settlement 
21369,Chlamydomonas
21371,Clustered
21373,Momentum
21375,Didpersed
21379,Sex Chromosomes
21382,Paramecium
21386,Population Growth of  India
30871,SSS Congruency
21390,Conurbation
21392,Bacteria
21395,Megalopolis
21398,Conservation of Momentum
21402,State of Motion
21404,Mining
21406,Commercial
21410,Garrison
21412,Religious
21414,Tourist
21416,Educational
21418,Transport 
21422,Industrial
21424,Administration
21426,Newton's Laws of Motion
21434,Prokaryotes
21436,Newton's First Law of Motion
21440,Newton's Second Law of Motion
21444,Newton's Third Law of Motion
21448,Lysosomes
21452,Autosomes
21455,Inertia
21471,Urban Settlement
21474,cultural
21479,Computer interfaced experiments
21485,Cross-shaped
21487,T-shaped
21489,Circular
21491,Rectangular
21493,Linear
21495,Star-shaped
21497,Plain village
21499,Plateau
21501,Coastal
21503,Physics experiments with expEYES
21505,Forest
21512,Pendulum, Nature of oscillations
21514,Pendulum, Nature of oscillations
21516,Farming village
21519,Fisherman's village
21521,Dominant
21523,Lumberjack village
21525,Pastoral Village
21527,Mutual Induction: Transformer 
21529,Gravitation
21531,Universal Law of Gravitation
21533,Universal gravitational constant
21535,Gravitational Force
21537,Acceleration due to gravity
21539,Weight
21549,Greater Himalayas/Himadri
21551,Middle Himalayas
21553,Thrust
21555,Lesser Himalayas/Shiwalit
21557,Sex determination
21559,Kashmir & NW Himalays
21561,Himachal & Uttarakhand Himalays
21563,Pressure
21565,Dargiling & Sikkim Himalays
21567,Arunachal Himalays
21569,Eastern Hills and Mountains
21571,Himalayan Mountains
21575,Block
21577,Forest in India
21579,Land Resources of India
21581,Volcanic Activity
21583,Faulting
21585,Theory of plate techtonics
21587,Nothern Plains
21593,Buoyant Force
21595,Brahmaputra
21597,Khadar
21599,Archimedes Principle
21601, Bhabar
21605,Relative Density
21607,Terai
21609,Bhangar
21611,Jovian Planets
21613,Geological Time Scale
21629,Power
21631,Energy
21633,Law of Conservation of Energy
21635,Mechanical Energy
21637,Potential Energy
21640,Kinetic Energy
21642,Heat Energy
21644,Garo-Khasi
22722,New plant
21646,Karbi Anglong
21655,Chemical Energy
21657,Electrical Energy
21661,Wild Life in India
21663,Light Energy
21665,Chota Nagpur Plateau
21667,Baghelkhand
22726,Pollination
21671,Eastern coast
21673,Western Coast
25272,Earlier attempts of classification
21677,Big  Bang Theory
21679,Nebular Hypothesis
21681,Binary Theory
21683,Earth quake Waves
21687,Mountains
21689,Multi-purpose River Projects in  India
21691,Rift Valley
22730,Contraceptive measures
21697,Anticlines
21699,Synclines
21701,Shadow Zones
21703,Richter Scale
21705,Mercalli Scale
21707,Extrusive
21709,Crust
21711,Intrusive
21715,Core
21717,Minerals
21719,Rocks
21721,Oceans and Continents
21723,Endogentic
21725, Population Distribution  of  India
21727,Sand dunes
21729,Exogentic
21731,Inland Drainage
21733,Barkhans
21735,Chilka Pulicut
21737,Nothern circar
21739,Igneous Rocks
21741,Goa Malabor Coast
21743,Katch Kathiawar Coast
21745,Konkan Coast
21747,Loam
21749,Sedimentary Rocks
21751,Metamorphic Rocks
21753,Sound
21755,Longitudinal Wave
21757,Transverse Wave
21759,Echo
21761,Reflection of sound 
21763,Reverberation
21765,Ultrasonics
21767,Infrasonics
21769,Audible Range
21771,Characteristics of Sound Waves
21773,Intensity of Sound
21775,Loudness
21777,India Physical Features
21779,Exogenic Process
21781,Denudation
21783,Weathering
21785,Mass Wasting
21787,Erosion
21789,Deposition
21791,Transportation
21793,Islands
21795,Lakshadweep
21797,Andaman & Nicobar
21799,Intensity Level 
21801,Speed of Sound
21803,Vibrations
22750,Accessory organs
21817,Light
21820,Reflection
21826,Plane Mirror
21828,Spherical Mirrors
21830,Images
21832,Linear Magnification
21834,Ray Diagrams for Mirrors
21836,Laws of Refraction
21838,Glass Slab
21840,Lenses
21842,Prism
21844,Ray Diagrams for Lenses
21846,Power of Lens
23332,Perennial
21911,Corals
21913,Diseases
21915,Endogenic Process
21917,Unbalanced Diet
21919,Volcanism
21923,Diastrophism
21925,Earthquakes
21928,Epirogenic
21930,Orogenic
21932,Acute
21934,Chronic
21940,Congenital 
21942,Acquired
21966,Biogeochemical cycles
21968,Nitrogen cycle
21970,Carbon cycle
21972,Oxygen cycle
21974,Water cycle
21976,Human activities
21978,Pollution
21980,Problems in living organisms
21982,Radiation pollution
21984,Air pollution
21986,Water pollution
21988,Soil pollution
21990,Waste materials
21992,Biodegradable
21994,Non-biodegradable
21996,Biological processes
21998,Air pollutants
22000,Physical processes
22002,Depletion of ozone layer
22004,Green house effect
22006,Green house gases
13816,Economic development
22010,CFC 
13820,Sustainability of Development 
13822,Comparision with different countries or states
22016,Stratosphere
22018,Ionosphere
13828,From a regular job
13830,From a irregular job
13832,Other criteria
13834,Enhances sense of security
13836,Facilities to the family
22786,Mixed cropping
13838,No job security
13840,Equal treatment
22034,Crop field ecosystem
13844,Respect to others
13845,Security
22038,Biotic components
13848,pollution free environment
22042,Physical factors
13851,Medical facilities
22044,Temperature
22046,Wind/air
13855,Nutritious diet
22048,Soil
22050,Soft water
22052,Saline water
22790,Mollusca
22056,Other sources of soft water
22058,Living organisms
13867,Non-Exhaustion of natural resourses
13869,Water
22062,Plants
22064,Producers
13873,Air
22066,Consumers
13875,Land
22068,Decomposers
22070,Detrivores
22072,Herbivores
22074,Carnivores
22076,Omnivores
30986,Defects of Vision
22078,Parasites
22080,Primary consumer
22082,Secondary consumers
22084,Tertiary consumers
22086,Food chain
22088,Food web
22090,Food resources
22092,Improvement in food resources
22094,Animal husbandry
22096,Sustainable practices or scientific management practices 
22098,Bee keeping
22100,Egg and broiler production
22102,Cattle farming
22104,Poultry farming
22106,Egg production
22108,Absorption
22110,Light energy
22112,Acquired diseases
22114,Fish production
22116,Acute diseases
22118,Adaptability
22120,Air 
22122,Alcohol
22124,Domestic fowls
22126,Alimentary canal
22128,Poultry meat
22130,Amphibian
22132,Amino acids
22134,Agricultural practices
22136,Amylase
22138,Anemia
22140,Angiosperms
22142,Arthritis
22144,Mixed farming
22146,Animals
22148,Anus
22150,Arteries
22152,Intercropping
22154,Integrated farming practices
22156,Arthropoda
22158,Assimilation
22160,Atria
22808,Nematodes
22162,Improvement in crops
22164,Autosomes
22166,Autotrophs
22168,Aves
22169,Irrigation
22172,Balanced diet
22174,Bee-keeping
22176,Bile juice
22178,Bile salts
22180,Biodiversity
22182,Bio-fertilizers
22184,Biogeochemical cycle
22812,Nervous system
22186,Biosphere
22188,Biotic & abiotic resistance
22190,Blood vascular system
22192,Blood Vessels
22194,Body parts
22196,Brain
22814,Night blindness
22198,Bryophyta
22200,Cancer
22202,Capillaries
22204,Wells
22206,River lift systems
22208,Tanks
22816,Non chordates
22210,Rainwater harvesting
22212,Characteristics Of Atoms
22214,Classification Of Elements
22216,Preparation Of Organic Compounds 
22218,Classification Based On Functional Groups
22220,Watershed management
22224,Compounds Of Carbon
22226,Bonding In Carbon
22228,Allotropes Of Carbon
22230,Purification Of Metals
22232,Extraction Of Metals
22820,Non-infectious diseases
22234,Metallurgy
22236,Fitness of species
22238,Endothermic Reactions
22240,Migration
22242,Covalent Compounds
22244,Salts
22248,Acids
22252,Atomic Structure
22254,Atomic Models
22256,Subatomic Particles
22258,Mole Concept
22260,Chemical Properties
22264,Chemical Changes
31018,Real and Virtual images in concave lens
22270,Carbohydrates
22272,Carbon-dioxide
22274,Cellular structure
22276,Chemical energy
23280,Sanddunes
22282,Chordata
22284,Chronic diseases
22285,Different States
22288,Circulating fluid
5905,Phoenix : Physics with Homemade Equipment and Innovative Experiments
22290,Circulation
5907,expEYES
22292,Particulate Nature
22294,Circulatory system
22296,Clotting of blood
22298,Cold
22300,Community hygiene
22302,Components of Blood
22304,Congenital diseases
22306,Contagious diseases
5923,Adipose Tissue
22308,Cough
5925,The Great Economic Depression In India
22310,Crop rotation
5927,India- Location
22312,Cross Breeding 
22314,Cynobacteria
5931,Angle Bisector 
22316,Deficiency diseases
22834,Reciprocity
22318,Degenerative diseases
5937,India-Size
22322,Diabetes
22324,Dicot
22326,Diet
22328,Digestion
22836,Parasitic
22330,Digestive glands
5947,Citizen's Rights
22332,Digestive system
22334,Dihybrid
5951,Current Status
22336,Pathogens
5953,Indus valley civilisation 
22338,Ear
22340,Echinodermata 
22838,Pathogenic microbes
22342,Egg Production
22344,Emulsification of fat
22346,Endocrine Glands
22348,Energy transfer
22350,Environmental pollutants
22352,Esophagus
22840,Peptides
22354,Euglena
5971,Geography of India 
22356,Eutrophication
22358,Green plants
5975,About Food Security
22362,Excretion
22364,Excretory products 
31034,Scattering of Light
22366,Excretory system 
5983,Food Insecurity
22368,Exocrine Glands
5985,Amazing World of Changes 
22370,Extracellular digestion
5987,Other Schemes
22372,Extrinsic factors
22374,Eye
5991,Amazing World of Changes 
22376,F1 generation
22378,F2 generation
22380,Fatty acids
22382,Fertilization
22384,Fish farming 
6002,People's  Participation / Movement
22388,Five kingdom classifications 
31038,Laws of Reflection
6006,video ciet
22392,Food
22394,Fungi
6012,Angle bisector
6014,Arthropod
7829,The Sense of Collective Belonging
22400,Gastric glands
22402,Gastric juice
22404,Genetic disorders
22406,Genotype
6024,democracyand other forms of governance
22410,Glucose
22412,Coelenterata
22850,Phloem
22414,Dugwells
22416,Tubewells
22418,Crop production
22420,Varietal improvement
22422,Higher yield
22424,Improved quality
22852,Photolysis of water
22426,Biotic and abiotic resistance
6043,Oscillations
22428,Wider adaptability
6045,Democracy in India 
22430,Desirable agronomic characteristics
6047,Liver
22432,Genetically modified crops
6049,Commercial agriculture
22434,Hybridisation
22436,Breeding
22854,Photosynthesis
22438,Glycerol
22440,Good health
6058,Indian Constitution 
22444,Green house gases 
6062,features of constitution
6064,Bile
22856,Pisces
6066,Accessory digestive gland
6068,Waves
22454,Disease resistance
22456,Response to fertilizers
6074,Shifting cultivation
22460,Growth
6078,Motion
6080,Classification Of Triangle
6082,Electoral politics 
6084,What is food security?
6086,Kalangs of Java 
6088,competitionand contestation in democracy -party system
6090,Transverse and Longitudinal Waves
22475,Heterotrophic
6092,political parties in india
6094,social movements and non party formation
6096,Doppler Effect
22482,Holozoic
22484,Macronutrients
22486,Hormones
22488,Vestigial structures
6106,Bastar
6108,peoples participation / movement
6110,Roots Of Quadratic Equation
22496,Ingestion
22498,Inter cropping
22500,Intestinal enzymes
22502,Micronutrients
22504,Intracellular digestion
22506,Intrinsic factors
6123,Quadratic Equation in geoGebra
22508,Kidney
22510,Kwashiorkor
22572,Maltose
22512,Lactiferous tissues
22514,Poor plant growth
22516,Large intestine
22518,Latex
22520,Storage of grains
6137,New Delhi
6139,Asia
22524,Leaves
6142,India
22528,Food grains
22530,Field crops
22532,Left ventricle
22534,Life forms
22536,Weeds
22538,Life of earth
22540,Life processes
22542,Life substances on earth
7853,Soil Erosion and Soil Conservation
22544,Weed control
22872,Production of waste material
22546,Lipase
22548,Pest
22549,Lipids
22552,Lithosphere
6170,Parallelograms on the same base and between same parallel lines 
22556,Living thing
22874,Proteases
22558,Living organisms
22560,Lymph vessels
22562,Cropping patterns
22564,Lymphatic system
6182,How to elect Representatives
22568,Mixed cropping
22876,Protection
6186,Election Campaigns 
22574,Mammalian
6188,Real Numbers
6190,Tiangles On the Same Base And Between Same Parallel Lines
22576,Crop rotation
22578,Marasmus
22580,Marine Ecosystem
22878,Protein
22582,Maturity
22584,Hydathodes
6202,Euclid's Division Lemma 
22588,Green manure
22590,Organic matter 
22592,Soil structure
22594,Soil fertility
22596,Water holding capacity
22598,Compost
22600,Vermicompost
22602,Live stock excreta
22604,Fertilizers
6221,About Belgium  
22606,Nitrogen fertilizer
6223,Majoritarianism in Sri Lanka
22608,Phosphorus fertilizer
6225,Accommodation in Belgium 
22610,Potassium fertilizer
6227,Why power sharing is desirable?
22612,Weed control methods
6231,Forms of power sharing 
22616,System of classification
6233,Area Of Triangle Half The Area Of Parallelogram
22618,Asexual reproduction
6235,Area Of Parallelogram
22620,Fission
22622,Sporulation
22624,Fragmentation
22626,Regeneration
22628,Vegetative reproduction
22630,Sexual reproduction
22632,Reproduction
22634,Need for reproduction
22636,Perpetuation of species 
22638,Genetic basis of reproduction
6255,Theorem
22644,Inheritance of characters
22646,Clones
6263,Irrational Numbers and Decimal Expansions 
22648,Binary fission
6265,Fundamental Theorem of Arithmetic
22650,Multiple fission
22652,Budding
22654,Vegetative propagation
22656,Natural vegetative propagation
22658,Artificial vegetative propagation
22660,Grafting
22662,Cutting
22664,Micropropagation
22666,Layering
22668,Flowering plants
6285,Federalism
22670,Flowers
6287,Examples of Elucid's Division Lemma
22672,Human beings
22674,Essential whorls
30867,Similar triangles
22676,Accessory whorls
30869,Congruent triangles
22678,Calyx
6295,What makes India a federal country?
22680,Corolla
30873,SAS Congruency
22682,Androecium
30875,ASA Congruency
22684,Gynoecium
22686,Sepals
22688,Petals
22690,Stamens
22692,Carpels
22694,Anther lobes 
22696,Filaments
22698,Stigma
22700,Style
22702,Ovary
22704,Ovule
6322,How is federalism practiced in India? 
22708,Male gametes
22710,Female gametes
6328,Decentralization in India 
22714,Zygote
22716,Embryo
22718,Seed
14528,Other resourses
14530,Provision of social amenities
14532,Transportation infrastructure
14534,Quality education
14536,Portable water
14538,Medical care
14540,Under developed countries
14542,Developed country
14544,status of India
14546,Lesser total income of the country
14548,Average income
14550,Higher total income of the country
14552,Higher 
6362,Geometrical Meaning of the Zeros of a polynomial  
22748,Functional female reproductive system
14558,Low income countries
22752,Ducts
22754,Glands
22756,Testes
22758,Sperms
22760,Egg cells
22762,Uterus
6379,Public Distribution System
22764,Developing foetus
22766,Parturition
22768,Sloughting off of uterine endometrim
22770,Menstruation
22772,Child birth
22910,Sieve tubes
22774,Germ cell transfer
22776,Gregor johann mendel
22778,Metabolic allergy
30971,Force
22780,Metabolic diseases
22782,Metabolic disorders
22784,Metabolism
6402,Panchayati raj  and Municipalities
22788,Mode of nutrition
23282,Chilka lake
6406,Division Algorithm for Polynomials
6408,Features of Democracy
22794,Monocot
22796,Monohybrid
22798,Mouth
30991,Human Eye
22800,Movements
22802,Mucus
30995,Virtual images
22806,Muscular tissue
22810,Nerve cells
6428,The changing map of democracy 
6430,Buffer Stock
22738,Sexual maturity
6432,Physical Features of India
22818,Non-contagious
6436,Electronic Voting Machines ("EVM")
22822,Nose
22824,Nutrition
22826,Organisms
22828,Oxygen
22830,Pancreas
22832,Pancreatic juice
6450,Parliamentary Democracy
6452,Decision Makers in Democracy
31030,Refraction of Light
6456,What Is Democracy
22842,Peptin
22844,Peptones
22846,Personnel hygiene
22848,Phenotype
6466,Parliament and its process
6468,People as resources
31045,Laws of Reflection
6470,Argument for Democracy 
6472,Two Houses of Parliament
31049,Dispersion of white light
22858,Parasitism
22860,Platelets
22862,Platyhelminthes
22864,Poor health
31057,Refractive Index
22866,Porifera
6484,Unemployment
22870,Succession 
6488,Why do we need a constitution?
6490,Rajya Sabha
6543,Drainage Systems in India
6492,Lok Sabha
6494,How And When Did India Become Democratic
22880,Protista
6498,EDUCATION
22886,Animal tissues
22888,Pteridophyta
22890,Rain
22892,Rain dusts
22894,Plant tissues
22896,Rainfall patterns
22898,Raw material
22900,Red blood cells
22902,Phloem fibres
22904,Receptors
22906,Recessive
22908,Reflex Action
6526,The Judiciary
22912,Reptilia
22914,Companion cells
22916,Respiration
22918,Respiratory system
22920,Right auricle
22922,Phloem parenchyma
22924,Right ventricle
6541,POVERTY AS CHALLENGE
22926,Xylem parenchyma
22927,Saliva
22930,Salivary amylase
22932,Xylem
22934,Salivary glands
22936,Saprotrophic
22938,Scurvy
22940,Xylem fibres
22942,Sensory organs
22944,Vessels
22948,Sex determination
22950,Sickle cell anemia
22952,Tracheids
22954,Skin
22956,Small intestine
6574,River Pollution in India
22960,Starch
22962,Stomach
22964,Stomata
22966,Structure of leaf
22968,Connective tissue
22970,Sun
22972,Sustainable manner
22974,Epithelial  tissue
22976,Synthesis of carbohydrates
22978,Thallophytes
22980,Tissue
22982,Tobacco
22984,Tolerant varieties
22986,Tongue
22988,Morphological simmiliarities
22990,Squamous epithelium
22992,Treatment
22994,Troposphere
22996,Trypsin
22998,Cuboid epithelium
23000,Typhoid
6564,The French Revolution
23002,Unbalanced diet
23004,Columnar or ciliated epithelium 
23010,Vein
23012,Stratified squamous epithelium
23014,Ventricle
23016,Stratified squamous epithelium
23018,Carbohyderates
23020,Vertebrata
23022,Waste
23024,Water bodies
6568,French society during the late Eighteenth century
23026,Water holding capacity
14556,Lower
23028,White blood cells (WBCs)
23030,Wind Pattern
23032,Areolar tissue
23034,Adipose tissue
23036,Skeletal tissue
23038,Hyaline tissue (Cartilage) 
23040,Tendons
23042,Ligaments
23044,Compact tissue (Bone) 
23046,Straited muscle fibres
23048,Smooth muscle fibres
6572,SCENARIO OF POVERTY
23050,Cardiac muscle fibres
23052,Neurons
23054,Axon
23056,Dendrite
23058,Nerve ending
23060,Mylein sheeth
22958,Nervous tissue
23062,Cell body
23064,Permanent tissues
23066,Simple permanent tissues
23068,Epidermal cells
23070,Parenchyma
6687, France Becomes a Constitutional Monarchy 
23072,Chlorenchyma
6576,Philosophy of the Constitution
23074,Aerenchyma
6691,Climatic Controls
23076,Sclerenchyma
23078,Meristematic tissue
6695,Factors Affecting India's Climate
23080,Lateral meristem
23082,Intercalary meristem
23084,Apical meristem
23086,Stimulus
6703,Rebellion in the forest
23088,Gonads
6705,The People of Bastar
23090,Control and coordination
6707,The Indian Monsoon
23092,Exocrine glands
6709,The fears of people
23094,Endocrine glands
6711,The Seasons in India
23096,Pituitary gland
6713,Forest transformation in Java
23098,Hypothalamus
6715,The woodcutters of Java
23100,Thyroid glands
6717,Dutch scientific forestry
23102,Parathyroid glands
23104,Thymus gland
6721,The Cold Weather Season (Winter)
23106,Sensitive plants
6723,New developments in forestry
23108,Auxins
6725,Pastoralists in the Modern World
23110,Gibberellins
6727,The Hot Weather Season (Summer)
23112,Cytokinins
6729,Pastoral Nomads and their Movements
23114,Abscisic acid
22740,Male
23116,Cerebrum
6733,Colonial Rule and Pastoral Life
23118,Cranium (skull)
6735,Retreating/Post Monsoons (The Transition Season)
23120,Balancing Force
30978,Work
23122,Fore brain
6739,Distribution of Rainfall
23124,Unbalancing Force
23126,Laws governing motion 
23128,Mid brain
23130,Hind brain
23132,Pons
23134,Medulla
6752,Colonialism affected the grazing lands
23138,Change of motion
23140,Graphical representation of speed
23142,Cerebellum
23144,Spinal cord
6588,Angle Substended by a Chord at a Point 
23146,Sensory organs
6764,Colonialism affected the Borders
6766,Woman have a revolution?
23152,Tongue
6770,Not All were Equally Affected
6772,Monsoon as a Unifying Bond
6590,MEASURES OF POVERTY
23158,Olfactory
23160,Smell
23162,Reflex action
23164,Human brain
23166,Growth
23168,Tropism
23170,Geotropism
23172,Hydrotropism
23174,Chemotropism
23176,Tendrils
23178,Phototrophic movement
23180,Mathematical representation of velocity
23182,Forms of energy
23184,Characteristics of sound waves
23186,Ranges of sound
23188,Properties of sound
6806,Overlapping And Cross-Cutting Differences 
23192,Resistance
6596,Forest Society and Colonialism
23194,Characteristics of prism
23196,Electric current 
23198,Magnetic force
23200,Tundra type 
23202,Humidity
23204,Mongloids
23206,Reflection of light
22868,Poultry production
7865,Forest & Wildlife Resources   in   India  
6826,Wild Life
23214,Characteristics of spherical mirrors
31408,Change of state
6600,Why deforestation?
23218,Proto-Australoids
23220,Defects of mirror
31414,Physical changes
23224,Igloo
23226,Grassland Type
31420,Heterogeneous mixtures
23230,Graphical representation of acceleration
23234,Snowfall
23236,Relief Rainfall
23238,Cyclonic Rainfall
23240,Convectional Rainfall
23242,Tradewinds
23244,Polarwinds 
6862,Adolescent Population
6864,National Population Policy
6866,NPP 2000 and Adolescents
23252,Mist
23254,Mountain Breeze 
23256,Fog
6874,International Organisations
6876,The Russain revolution
23262,Lumbering
6880,The february revolution in petrograd 
6608,The outbreak of the revolution
23266,Tropical Depression
23268,Western Depression
23270,Australoids
23272,Mediteranean Type Climate
23274,Precipitation
6892,Hitler's rise to power 
23278,Occupational  Structure in  India 
6896,Accountable, Responsive And Legitimate Government 
6898,Economic Growth And Development
6900,Economic  Outcomes Of Democracy
6902,Reduction OF Inequality And Poverty
23288,Northern Circar
23290,Endogenic Processes
23292,Exogenic  Processes 
6894,How Do We Assess Democracy's Out Comes? 
6910,Equal angles subtended by the chords
23296,Lesser Himalayas
23298,Middle  Himalayas
6916,Perpendicular from the Center to a Chord
23302,Kumaon Himalayas
23304,Assam Himalayas
23306,Purvachal Himalayas
31500,Characteristic properties 
23310,Tarai
23312,Central  Highlands
6616,The rise of Commercial Forestry
23316,River System
23318,River Course
23320,Meander
6937,Equal Chords and Their Diistances from the Centre
23322,Oxbow Lakes
23324,Flood Plains
23326,Delta
31520,Mass number
23330,Estuary
31524,Intermolecular forces
23334,Seasonal
31528,Exothermic reactions
31530,Exothermic reactions
23340,Trellis
23342,Water Fall/Rapid
6959,Angle Subtended by an Arc of a Circle.
23344,V-Shaped Valley
23346,I-Shaped Valley
23348,Gorge
23362,Social exclusion
6981,The Nazi World wide
6990,Angles in the same segment of a circle are equal.
6998,Youth in Nazi Germany
7007,kohlrauch law  
7015,Ordinary People and the Crimes Against Humanity
7017,About Sri Lanka
23402,Hydrogen
23404,Nitrogen
23409,Mineral salts
23411,Fats
7029,Political Parties
22742,Female
23148,Skin
7057,India- Resources
23477,Calorie intake
23481,Organs
7100,Party System
23488,Egg
23490,Yolk
23494,Albumin
7120,Types of Resources
7154,Challenges To Democracy
31731,To be mapped resources
31733,Images to be mapped
23543,Microscope
7160,Political Reforms
23545,Robert hook
21675,Coromandal Coast
7172,Two-Party System 
7174,Development of Resources
31763,Combustion
23574,History of life
23578,Common ancestors
23582,Evolutionary tree
23585,Phylogenetic tree
23589,The origin of life
23594,Chemical evolution
31789,Catenation
7216,Popular Participation in Political Parties
7220,Resource Planning in India
23606,Jean Baptise Lamark
23610,Charles Darwin
31805,Saturated hydrocarbons
23615,Carolus Linnaeus
23618,Alfred R. Wallace
23622,James Watson & Francis Crick
6458,Why Democracy 
22882,Proto chordata
23649,Radiations
23652,Mutagens
23655,Transposons
7272,The Rise of Nationalism in Europe
23658,Mechanisms of Evolution
7276,Linear pair of angles.
7278,The French Revolution and the Idea of the Nation
7296, Indian Political Parties 
31340,Solid
7302,The Making of Nationalism in Europe
5972,test video
7334,The Age of Revolutions: 1830-1848
7354,The Making of Germany and Italy
7360,National Level Parties
7364,Changed after October
7372,Vertically opposite angles
7378,Visualising the Nation
23769,Biogeography
7388,State Parties
7390,Challenges to Political Parties
7392,How can parties be reformed?
7396,Parallel Lines and a Transversal
7398,Nationalism in India
7400,Alternate Interior Angles
7402,Alternate Exterior Angle
7406,Popular Struggles and  Movements
7418,Mobilisation and organisations 
7428,The First World War, Khilafat and Non-Cooperation
7430,Pressure Groups and Movements  
7432,Land Utilization
7438,Movement Groups
7445,Land Use Pattern In India
7447,Gender, Religion and Caste
7449,Land Degradation & Conservation Measures
7461,Religion, communalism and politics
7463,Density
7465,Mass
7467,Volume
7469,Diffusion
7482,Boiling point
7486,Communalism
7497,Atmospheric pressure
7499,Angle Sum Property  of a Triangle
7508,Peasants and Farmers 
7510,Bread Basket and Dust Bowl
7512,The Indian Farmer and Opium Production
7524,Caste and Politics
7540,Politics in Caste
7615,Soil as a Resource
6731,Advancing Monsoon (The Rainy Season)
6737,Pastoralism elsewhere in Globe-Africa
7660,Classification of Soils
6742,France abolishes monarky and becomes a republic
7721,Alluvial Soils
7728,Differing Strands within the Movement
30810,nazism
6762,Metastudio Tutorial
8716,Availability of food
7817,Towards Civil Disobedience
7821,Black Soil
30812,vietnamese nationalism
7825,Red and Yellow Soils
23150,Eye
7833,Laterite Soil
7835,Arid Soils
7837,Forest Soils
6768,Pastures Dried up
23154,Gustatory
23156,Taste
7873,The Making of a Global World
6774,List of African pastoralists
7881,The Nineteenth Century (1815-1914)
20429,Nature Of Roots
6776,The Abolition of slavery
6778,India- Natural Vegetation & Wildlife
6780,The Revolution and everyday life
6784,Relief
5419,video
6790,Ecosystem
7975,History and Sport
6792,Types of Vegetation
8722,Melting point
8007, Human  Resources
8009,The Historical Development of Cricket as a Game in England
6798,Democracy And Diversity 
8025,The Spread of Cricket
8027,The Modern Transformation of the Game
6800,A Story From Mexico Olympics 
6802,Differences, Similarities, Divisions 
8724,Latent heat of vapourisation 
6804,Origins Of Social Differences
8059,Commerce, Media and Cricket Today
6808,Range Of Outcomes 
8082,Conservation of Forest and Wildlife in India
8090,Types and Distribution of Forest and Wildlife Resources
6810,Politics Of Social Divisions 
8096,Community and Conservation
6812,Three Determinants 
6814,Three Determinants 
6816,Tropical Evergreen Forests
6818,Tropical Deciduous Forests
31402,Latent heat
